User ID,Suggested Item,Reaction
14242,CUBIC MUG FLOCK PINK ON BROWN,not interested
13769,CROCHET ROSE PURSE WITH SUEDE BACK,not interested
17518,VINTAGE BILLBOARD DRINK ME MUG,no action
13571,WHITE TISSUE REAM,no action
12937,BLUE WHITE PLASTIC RINGS LAMPSHADE,no action
13898,GREEN CHRISTMAS TREE CARD HOLDER,no action
16833,VINTAGE NOTEBOOK TRAVELOGUE,no action
14709,FAUX FUR CHOCOLATE THROW,not interested
12374,SILVER MUG BONE CHINA TREE OF LIFE,not interested
15833,WHITE NEWBAROQUE CANDLESTICK CANDLE,not interested
13474,RED SPOTTY EGG CUP,no action
15600,BISCUIT TIN VINTAGE RED,no action
13581,BEACH HUT SHELF W 3 DRAWERS,no action
15467,PACK OF 12 SPACEBOY TISSUES,purchased
16162,PACK OF 6 BIRDY GIFT TAGS,no action
17921,CERAMIC BIRDHOUSE FINCH BLUE ROOF,no action
14465,COLUMBIAN CANDLE RECTANGLE,purchased
15007,PARTY INVITES JAZZ HEARTS,not interested
16553,STRAWBERRY RAFFIA FOOD COVER,purchased
12712,PINK FLORAL FELTCRAFT SHOULDER BAG,purchased
16034,BLACK CHAMPAGNE GLASS,not interested
15663,CANDY SPOT TEA COSY,no action
14240,24 HANGING EASTER EGGS FLORAL TUB,not interested
16048,CAST IRON HOOK GARDEN TROWEL,no action
15749,CITRUS GARLAND FELT FLOWERS,no action
17358,GLASS JAR KINGS CHOICE,purchased
15736,BLUE 3 PIECE POLKADOT CUTLERY SET,no action
13400,SET OF 36 VINTAGE CHRISTMAS DOILIES,purchased
17235,JUMBO STORAGE BAG SKULLS,not interested
15837,VINTAGE PHOTO ALBUM PARIS DAYS,no action
17592,WASHROOM METAL SIGN,not interested
13304,SMALL REGAL  SILVER CANDLEPOT,no action
14561,EIGHT PIECE CREEPY CRAWLIE SET,not interested
16891,IVY HEART WREATH,no action
12398,LARGE WHITE HONEYCOMB PAPER BELL,not interested
15860,MAGNETS PACK OF 4 HOME SWEET HOME,no action
16781,BLUE MURANO TWIST BRACELET,no action
13749,DECORATION WOBBLY RABBIT METAL,not interested
16161,Discount,not interested
14399,HERB MARKER PARSLEY,not interested
18274,CHRISTMAS CRAFT LITTLE FRIENDS,not interested
17981,TOMATO CHARLIE+LOLA COASTER SET,purchased
12598,ASSORTED CREEPY CRAWLIES,no action
17789,SET/12 ZINC CHRISTMAS DECORATIONS,not interested
12915,GARDEN PATH SKETCHBOOK,no action
18076,4 GOLD FLOCK CHRISTMAS BALLS,no action
16813,LOVE HOT WATER BOTTLE,no action
14763,SEASIDE STRIPE HAMMOCK,no action
16476,BLACK DIAMOND CLUSTER NECKLACE,not interested
15452,FELT FARM ANIMAL WHITE BUNNY,no action
13200,ST GEORGE SET OF 10 PARTY LIGHTS,not interested
17509,UTILTY CABINET WITH HOOKS,no action
18254,GOLD FABRIC MIRROR,no action
17850,CLAM SHELL LARGE,no action
15355,SET OF 36 DOLLY GIRL PAPER DOILIES,no action
16188,BLOSSOM IMAGES GIFT WRAP SET,not interested
17987,WATERING CAN GARDEN MARKER,no action
16974,PINK POLKADOT BOWL,not interested
12702,TEA TIME DES TEA COSY,not interested
14935,FLOWER BURST SILVER RING CRYSTAL,no action
13395,WOOD FAN WITH FLOWER DESIGN,no action
13095,PAINTED BIRD ASSORTED CHRISTMAS,no action
13530,12 ASS ZINC CHRISTMAS DECORATIONS,not interested
16318,SET OF 16 VINTAGE BLACK CUTLERY,no action
17919,RED DAISY PAPER LAMPSHADE,no action
15038,UTILTY CABINET WITH HOOKS,not interested
16402,RETRO SPOT  CIGAR BOX MATCHES,no action
12749,PARTY TIME DESIGN FLANNEL,no action
17756,HERB MARKER ROSEMARY,no action
14238,COLUMBIAN CANDLE ROUND,no action
16820,FELTCRAFT CUSHION OWL,no action
16731,S/2 ZINC HEART DESIGN PLANTERS,no action
14237,S/15 SILVER GLASS BAUBLES IN BAG,no action
15337,"FRENCH BLUE METAL DOOR SIGN, 9",no action
16130,MEDIUM PARLOUR PICTURE FRAME,no action
13165,GREEN FERN NOTEBOOK,no action
14336,IVORY FELT EASTER RABBIT GARLAND,no action
17268,ICE CREAM SUNDAE LIP GLOSS,no action
13687,"FELTCRAFT HAIRBAND, S/2, RED/BLUE",no action
17747,PINK BLUE FELT CRAFT TRINKET BOX,no action
15055,12 EGG HOUSE PAINTED WOOD,no action
13780,PINK 3 PIECE POLKADOT CUTLERY SET,no action
17989,BLUE  SPOTTY PUDDING BOWL,purchased
14095,GREEN BITTY LIGHT CHAIN,no action
14579,HEART SHAPED HOLLY WREATH,no action
15786,3 ROSE MORRIS BOXED CANDLES,no action
12680,RAIN HAT WITH RED SPOTS,no action
17605,RETRO SPOT SUGAR JAM BOWL,no action
12528,RIBBON REEL HEARTS DESIGN,purchased
15840,PORCELAIN ROSE LARGE,no action
14246,CAROUSEL DESIGN WASHBAG,not interested
16720,WALL ART MID CENTURY MODERN,purchased
14518,CARD I LOVE LONDON,no action
14836,PINK/BROWN DOTS RUFFLED UMBRELLA,not interested
13126,LIPSTICK PEN BABY PINK,no action
12889,SET OF 5 PANCAKE DAY MAGNETS,no action
14733,NUMBER TILE COTTAGE GARDEN 1,purchased
16710,ABSTRACT CIRCLE JOURNAL,no action
15915,SET OF 4 ROSE BOTANICAL CANDLES,no action
17656,HEART SHAPED MIRROR,no action
12846,SET OF 16 VINTAGE ROSE CUTLERY,purchased
14442,FIRST CLASS HOLIDAY PURSE,no action
16960,MOP PENDANT SHELL NECKLACE,no action
12789,KASBAH LANTERN WITH GLASS,no action
17666,Adjustment by john on 26/01/2010 17,purchased
18134,FOLDING UMBRELLA BLACKBLUE POLKADOT,no action
13244,BOOM BOX SPEAKER GIRLS,no action
17621,PLASTERS IN TIN CIRCUS PARADE,no action
16768,PINK ALLIUM  ARTIFICIAL FLOWER,no action
17933,LARGE WHITE/PINK ROSE ART FLOWER,no action
15775,4 IVORY DINNER CANDLES SILVER FLOCK,no action
13562,GINGERBREAD MAN COOKIE CUTTER,no action
12682,CREAM SWEETHEART MINI CHEST,not interested
15230,BLUE GIANT GARDEN THERMOMETER,no action
18008,RED KITCHEN SCALES,no action
15747,SET OF 16 VINTAGE PISTACHIO CUTLERY,purchased
14544,SMALL POLKADOT CHOCOLATE GIFT BAG,not interested
16600,GREEN VINTAGE EARRINGS,no action
15858,"LETTER ""C"" BLING KEY RING",no action
13573,RETRO PLASTIC 70'S TRAY,purchased
13085,PINK CROCHET CAT WITH SCARF,not interested
17643,SET OF 4 ROSE BOTANICAL CANDLES,purchased
14699,VINTAGE CHRISTMAS BUNTING,no action
14352,CAROUSEL DES CHILD'S OVERALL,no action
15654,FELTCRAFT CUSHION RABBIT,no action
12867,NOVELTY BISCUITS CAKE STAND 3 TIER,not interested
14962,BABY BOOM RIBBONS,purchased
15812,RED SPOTTY PEG BAG,no action
14756,SMALL ORIENTAL BLUE FOLDING STOOL,no action
13180,EASTER BUNNY HANGING GARLAND,no action
17690,COTE D'AZURE NECKLACE,no action
15914,IVORY SWEETHEART SOAP DISH,no action
17297,PACK OF 12 BLUE PAISLEY TISSUES,no action
14195,CLASSIC GLASS SWEET JAR,purchased
17137,PHOTO CUBE,purchased
17743,POLKADOT CUTLERY 24 PCS IN TRAY,no action
16038,PENS ASSORTED FUNNY FACE,no action
13288,MURANO STYLE GLASS BRACELET GOLD,no action
12766,PACK OF 12 VINTAGE LEAF TISSUES,no action
13585,BEWARE OF THE CAT METAL SIGN,purchased
13891,BEACH HUT PHOTO FRAME,no action
12731,SET 4 PICNIC CUTLERY BLUEBERRY,purchased
17715,RED SPOTTY BEAKER,purchased
12636,PAPER LANTERN 9 POINT HOLLY STAR L,no action
14990,METAL RABBIT LADDER EASTER,no action
14799,CHILDRENS GARDEN GLOVES PINK,no action
14541,BROWN CHECK CAT DOORSTOP,no action
13363,PENS ASSORTED SPACEBALL,no action
15382,COFFEE SCENT PILLAR CANDLE,no action
14009,GARDENIA 1 WICK MORRIS BOXED CANDLE,no action
13048,3 HOOK PHOTO SHELF ANTIQUE WHITE,not interested
12852,12 PINK ROSE PEG PLACE SETTINGS,not interested
14087,RED SPOTTY PUDDING BOWL,purchased
18242,12 MESSAGE CARDS WITH ENVELOPES,no action
13871,NEW BAROQUE JEWELLERY BOX,purchased
18227,BLUE SCOTTIE DOG W FLOWER PATTERN,no action
13448,"FRENCH BLUE METAL DOOR SIGN, 3",not interested
12498,WHITE PICNIC BARBECUE BUCKET,not interested
12439,75 BLACK PETIT FOUR CASES,not interested
14795,S/12 MINI RABBIT EASTER,no action
16726,WHITE 3 FRAME BIRDS AND TREE,no action
18270,MINI PLAYING CARDS SPACEBOY,no action
17622,HANGING WOOD AND FELT HEART,no action
17123,SET/10 IVORY POLKADOT PARTY CANDLES,purchased
15093,SMALL LICORICE DES PINK BOWL,no action
12455,CHILDRENS APRON DOLLY GIRL,not interested
15740,CERAMIC BIRDHOUSE BUTTERFLY SMALL,no action
16409,LAUREL HEART ANTIQUE SILVER,purchased
13580,SMALL WHITE/PINK ROSE ART FLOWER,not interested
12985,SET OF 12 MINI BUNNIES IN A BUCKET,no action
13325,FRENCH BLUE METAL DOOR SIGN 7,purchased
13670,ASSORTED CHEESE FRIDGE MAGNETS,no action
18077,BLUE SAVANNAH PICNIC HAMPER FOR 4,not interested
15924,MINI CAKE STAND HANGING HEARTS,no action
17751,CREAM SLICE FLANNEL PINK SPOT,no action
16660,RED HANGING HEART T-LIGHT HOLDER,not interested
13735,MIRROR LOVE BIRD T-LIGHT HOLDER,no action
12403,JARDIN ETCHED GLASS CHEESE DISH,no action
16380,PINK STRING CURTAIN WITH POLE,purchased
18202,HANGING WOOD AND FELT BUTTERFLY,purchased
15076,GIANT BLACK SUNGLASSES,no action
14119,HEART STRING MEMO HOLDER HANGING,purchased
17616,MOCK LOBSTER FRIDGE MAGNET,purchased
15463,EMBROIDERED RIBBON REEL REBECCA,not interested
16001,PACK OF 12 CHRISTMAS FUN CARDS,purchased
15714,SMALL SPOTTY CHOCOLATE GIFT BAG,no action
12483,PAINTED METAL HEART WITH HOLLY BELL,no action
13354,5 HOOK HANGER RED MAGIC TOADSTOOL,no action
12551,COOKING SET RETROSPOT,not interested
16475,WALL ART TREASURE AHOY,purchased
14474,GLITTER CHRISTMAS TREE,no action
17952,BLUE CHARLIE+LOLA PERSONAL DOORSIGN,no action
17374,ZINC T-LIGHT HOLDER STAR LARGE,no action
14946,SQUARE FLOOR CUSHION VINTAGE PINK,no action
15723,TOMATO CHARLIE+LOLA COASTER SET,no action
13468,CHRISTMAS HANGING TREE WITH BELL,no action
13426,SET/4 PINK ORCHID CANDLES IN BOWL,no action
15808,WOODEN SKITTLES GARDEN SET,not interested
16854,CAROUSEL DESIGN BABY BIB,no action
15213,POPPY'S PLAYHOUSE BATHROOM,no action
17287,METAL MERRY CHRISTMAS WREATH,purchased
17330,RED RETROSPOT MUG,no action
14629,WALL ART BICYCLE SAFETY,no action
13624,"LETTER ""C"" BLING KEY RING",no action
16767,N0 SINGING METAL SIGN,no action
15400,PINK  SPOTTY CUP,purchased
17190,VINTAGE BELLS GARLAND,no action
17980,BLUE VICTORIAN FABRIC OVAL BOX,no action
15517,GINGHAM BABUSHKA DOORSTOP,not interested
17464,PAPER LANTERN 6 POINT SNOW STAR,no action
16361,LIGHT PINK CHERRY LIGHTS,no action
14948,SET OF 72 SKULL PAPER  DOILIES,no action
14124,ALPHABET STENCIL CRAFT,no action
12406,BLACK NEW BAROQUE FLOCK BOX,not interested
17277,SWEET PUDDING STICKER SHEET,purchased
15825,TRADITIONAL WOODEN CATCH CUP GAME,no action
12992,RETRO PLASTIC 70'S TRAY,no action
13032,CUPID SCENTED CANDLE IN GLASS,not interested
16787,SMALL TALL CAMPHOR WOOD TOADSTOOL,no action
17171,BLUE HARMONICA IN BOX,no action
12901,FAIRY CAKES NOTEBOOK A7 SIZE,purchased
17276,PACK OF 12 HEARTS DESIGN TISSUES,purchased
17832,TRAVEL CARD WALLET I LOVE LONDON,no action
14175,GLASS CAKE COVER AND PLATE,no action
18248,MILK PAN PINK RETROSPOT,not interested
18071,RED SPOTTY PLATE,purchased
17956,PARTY TIME DESIGN FLANNEL,no action
13586,STARS GIFT TAPE,no action
15828,BLACK PHOTO ALBUM,no action
17835,ANTIQUE GLASS DRESSING TABLE POT,no action
12801,DOUBLE CERAMIC PARLOUR HOOK,purchased
16735,IF YOU CAN'T STAND THE HEAT MUG,no action
14298,LILAC DIAMANTE PEN IN GIFT BOX,no action
17974,BALLOONS  WRITING SET,not interested
17761,FAIRY CAKE PLACEMATS,no action
16365,PINK SQUARE TABLE CLOCK,no action
13186,FILIGREE HEART BUTTERFLY WHITE,no action
14144,SET 12 LAVENDER  BOTANICAL T-LIGHTS,no action
13955,KINGS CHOICE SMALL TUBE MATCHES,no action
15047,RUSTIC STRAWBERRY JAM POT LARGE,no action
14571,T-LIGHT HOLDER HANGING LOVE BIRD,no action
17109,RED RETROSPOT UMBRELLA,no action
16798,"HOOK, 5 HANGER ,MAGIC TOADSTOOL RED",no action
15345,PINK DOG CANNISTER,no action
16736,PACK OF 12 VINTAGE CHRISTMAS TISSUE,not interested
17259,POPCORN HOLDER,no action
15080,FOOD/DRINK SPONGE STICKERS,no action
13685,PAPERWEIGHT VINTAGE COLLAGE,no action
14319,OCEAN STRIPE HAMMOCK,not interested
12475,HEART FILIGREE DOVE  SMALL,not interested
16168,RED RETROSPOT MINI CASES,no action
12675,FAUX FUR CHOCOLATE THROW,purchased
12600,MINI PLAYING CARDS BUFFALO BILL,purchased
16426,HANGING METAL HEART LANTERN,purchased
15577,3D HEARTS  HONEYCOMB PAPER GARLAND,no action
17069,GREEN GOOSE FEATHER TREE 60CM,purchased
16297,WOODEN REGATTA BUNTING,no action
17114,SEWING BOX RETROSPOT DESIGN,no action
13794,MIRROR MOSAIC GOBLET CANDLE HOLDER,no action
15454,PACK OF 6 BIRDY GIFT TAGS,no action
14745,HANGING SPRING FLOWER EGG SMALL,no action
14497,SQUARE CHERRY BLOSSOM CABINET,purchased
12843,BLUE CHERRY BLOSSOM CUP & SAUCER,no action
17713,T-LIGHT HOLDER WHITE LACE,not interested
17703,SMALL CHINESE STYLE SCISSOR,purchased
13633,S/4 BLUE DINNER CANDLE SILVER FLOCK,no action
14428,SQUARE MINI PORTRAIT FRAME,no action
14350,ZINC FINISH 15CM PLANTER POTS,no action
12958,WOOD FAN WITH FLOWER DESIGN,no action
16000,RED SPOTTY WASHBAG,purchased
13102,DOLLY CABINET 3 DRAWERS,no action
15360,PORCELAIN CHERUB BELL SMALL,not interested
17913,PARTY INVITES WOODLAND,purchased
16052,GLITTER CHRISTMAS TREE WITH BELLS,no action
17845,FAIRY CAKE CANDLES,no action
13833,BLACK NEW BAROQUE FLOCK BOX,purchased
15893,DOORKNOB CRACKED GLAZE IVORY,not interested
13184,SET/3 CHRISTMAS BRIAR CANDLES,no action
15608,SET 2 PANTRY DESIGN TEA TOWELS,purchased
13706,This is a test product.,no action
16572,HOME SWEET HOME KEY HOLDER,no action
15866,BLUE  SPOTTY CUP,no action
15944,PINK TEATIME PRINT BOWL,purchased
14789,CHOCOLATE CALCULATOR,no action
14638,PINK PAISLEY QUILT,no action
13691,S/4 SKY BLUE DINNER CANDLES,not interested
15545,HEART FILIGREE DOVE  SMALL,purchased
14743,WOOD BLACK BOARD ANT WHITE FINISH,purchased
13378,RED RETROSPOT CUP,no action
16509,POP ART PEN CASE & PENS,no action
16058,POSTAGE,no action
16214,LARGE ZINC GLASS CANDLEHOLDER,purchased
13896,"LETTER ""H"" BLING KEY RING",no action
17536,"SWISS ROLL TOWEL, CHOCOLATE  SPOTS",no action
16046,MIRROR CORNICE,no action
16792,"LETTER ""U"" BLING KEY RING",purchased
16954,PINK NEW BAROQUECANDLESTICK CANDLE,purchased
16308,CHRISTMAS RETROSPOT ANGEL WOOD,purchased
14703,SET/5 RED RETROSPOT LID GLASS BOWLS,no action
17373,OFFICE MUG WARMER CHOC+BLUE,purchased
17136,2 PICTURE BOOK EGGS EASTER DUCKS,no action
13368,SILVER HANGING T-LIGHT HOLDER,not interested
12647,GOLD PRINT PAPER BAG,no action
12348,SET/4 MODERN VINTAGE COTTON NAPKINS,no action
15179,PINK DIAMANTE PEN IN GIFT BOX,not interested
13222,HANGING  BUTTERFLY T-LIGHT HOLDER,not interested
14234,PAPER LANTERN 9 POINT DELUXE STAR,no action
14260,SPOTTY  HOME SWEET HOME DOORMAT,no action
12668,FOLDING UMBRELLA CHOCOLATE POLKADOT,no action
17997,FAWN BLUE HOT WATER BOTTLE,not interested
12346,SMALL ZINC HEART WALL ORGANISER,no action
13625,GREEN DROP EARRINGS W BEAD CLUSTER,not interested
17206,FRENCH TOILET SIGN BLUE METAL,no action
13798,KEY RING BASEBALL BOOT ASSORTED,no action
16292,ANT SILVER LIME GREEN BOUDICCA RING,no action
14069,STANDING METAL RABBIT WITH EGG,no action
15939,DAISY NOTEBOOK,no action
14868,JARDIN ETCHED GLASS LARGE BELL JAR,not interested
17372,GOLD MUG BONE CHINA TREE OF LIFE,no action
15092,5 STRAND GLASS NECKLACE BLACK,no action
13380,RED/CREAM STRIPE CUSHION COVER,no action
16862,SPACE FROG,no action
15049,CHILDS GARDEN TROWEL PINK,not interested
16755,BIG POLKADOT MUG,no action
17686,"LETTER ""T"" BLING KEY RING",no action
12991,HANGING METAL HEART LANTERN,no action
16977,FRENCH KITCHEN SIGN BLUE METAL,no action
15125,SPRIG LAVENDER ARTIFICIAL FLOWER,not interested
15930,RETRO RED SPOTTY WASHING UP GLOVES,no action
16580,LAVENDER SCENT CAKE CANDLE,no action
14662,PAINT YOUR OWN EGGS IN CRATE,no action
13484,JIGSAW TOADSTOOLS 3 PIECE,not interested
17345,NATURAL HANGING QUILTED HEARTS,no action
17394,RED LOVE HEART SHAPE CUP,not interested
13021,EGG CUP MILKMAID INGRID,purchased
16350,RETROSPOT CANDLE  LARGE,no action
15456,MIDNIGHT BLUE PAIR HEART HAIR SLIDE,no action
16196,VICTORIAN SEWING KIT,no action
13340,RECYCLING BAG RETROSPOT,purchased
16938,SKULL DESIGN TV DINNER TRAY,no action
15106,SET/6 GARDEN GNOME T-LIGHT CANDLES,no action
12862,RED KUKUI COCONUT SEED NECKLACE,purchased
16071,PACK OF 12 DOLLY GIRL TISSUES,no action
17802,BABY MOUSE RED GINGHAM DRESS,no action
16573,BISCUIT TIN VINTAGE GREEN,no action
15592,LOVE GARLAND PAINTED ZINC,no action
16293,STRAWBERRY   PICNIC BAG,no action
15116,3 WICK CHRISTMAS BRIAR CANDLE,no action
17008,CERAMIC HEART FAIRY CAKE MONEY BANK,purchased
14138,PURPLE FOXGLOVE ARTIIFCIAL FLOWER,no action
14358,CHILDRENS GARDEN GLOVES PINK,purchased
14504,PINK CHICK EGG WARMER + EGG CUP,no action
13895,JUMBO BAG SCANDINAVIAN BLUE PAISLEY,no action
15300,RIBBON REEL SOCKS AND MITTENS,no action
17578,PALE PINK/AMETHYST STONE NECKLACE,not interested
12883,DOOR MAT ENGLISH ROSE,no action
13270,FLAG OF ST GEORGE CAR FLAG,no action
14510,KNITTED MUG COSY IVORY COLOUR,no action
17470,GREEN VINTAGE SPOT BEAKER,no action
15166,CARD DOG AND BALL,no action
13791,WICKER WREATH SMALL,not interested
17207,SET/9 CHRISTMAS T-LIGHTS SCENTED,no action
15386,RIBBON REEL LACE DESIGN,no action
13206,RED WHITE SCARF  HOT WATER BOTTLE,no action
13639,STRIPEY CHOCOLATE NESTING BOXES,no action
16147,WOVEN CANDY CUSHION COVER,no action
12820,NATURAL HANGING QUILTED HEARTS,no action
15216,CREAM SWEETHEART EGG HOLDER,not interested
12584,"POCKET MIRROR ""GLAMOROUS""",no action
12608,SILVER DISCO HANDBAG,not interested
16134,SPACEBOY LUNCH BOX,no action
15713,ALARM CLOCK BAKELIKE ORANGE,purchased
16091,SET OF 12 FAIRY CAKE BAKING CASES,not interested
13971,TOOL BOX SOFT TOY,no action
16349,EMBROIDERED RIBBON REEL EMILY,no action
17930,PACK OF 6 SANDCASTLE FLAGS ASSORTED,purchased
16666,"LETTER ""C"" BLING KEY RING",no action
15227,ASSORTED WHITE EMBOSSED CHINA MUGS,no action
16861,HEART SHAPE WIRELESS DOORBELL,no action
14584,PAPERWEIGHT VINTAGE PAISLEY,not interested
16306,TEA TIME TEAPOT IN GIFT BOX,purchased
15301,CHARLOTTE BAG PINK POLKADOT,no action
17385,WIRE FLOWER T-LIGHT HOLDER,no action
15717,ZINC HEART LATTICE 2 WALL PLANTER,no action
14396,EGG FRYING PAN BLUE,purchased
16245,ENGLISH ROSE TAPE MEASURE,no action
17586,ABC TREASURE BOOK BOX,no action
12802,BLACK PIRATE TREASURE CHEST,not interested
14737,TROPICAL  HONEYCOMB PAPER GARLAND,no action
17417,PINK PARTY BAGS,no action
14145,BLUE JUICY FRUIT PHOTO FRAME,no action
16133,CARD DOLLY GIRL,not interested
17314,WOODEN TREE CHRISTMAS SCANDISPOT,no action
15295,DOG LICENCE WALL ART,no action
16594,"FLOWER GLASS GARLAND NECKL.36""BLUE",no action
14295,MIRROR MOSAIC T-LIGHT HOLDER,not interested
13683,PANTRY HOOK TEA STRAINER,no action
15692,GLASS JAR KINGS CHOICE,not interested
16301,PINK FELT EASTER EGG BASKET,no action
14407,LUNCH BAG PINK RETROSPOT,no action
14944,BLUE POLKADOT PUDDING BOWL,no action
18147,DAIRY MAID STRIPE MUG,no action
16665,CHRISTMAS HANGING STAR WITH BELL,no action
17839,EMBOSSED HEART 3 DRAWER SHELF,not interested
13235,NIGHTINGALE COATHOOK WHITE,no action
14920,BLUE POLKADOT WRAP,not interested
16228,EASTER DECORATION EGG BUNNY,no action
16333,HANGING BAUBLE T-LIGHT HOLDER SMALL,no action
17048,HAND TOWEL PALE BLUE W FLOWERS,no action
18039,PINK LOVE HEART SHAPE CUP,purchased
13942,FOLDING UMBRELLA  WHITE/RED  SPOT,no action
14454,FLOWER FAIRY SUMMER BOUQUET SACHET,not interested
15362,SET 4 EASTER DECOUPAGE OVAL BOXES,no action
15460,PLAYING CARDS VINTAGE DOILY,no action
15058,SCULPTED ROUND IVORY CANDLE,no action
13689,CREAM CLIMBING HYDRANGA ART FLOWER,no action
16705,COFFEE MUG PINK PAISLEY DESIGN,not interested
14348,FOLDING SHOE TIDY,no action
18130,SET/6 COLLAGE PAPER PLATES,no action
13707,"LETTER ""W"" BLING KEY RING",not interested
17808,DOOR MAT RESPECTABLE HOUSE,not interested
14118,SALT AND PEPPER SHAKERS TOADSTOOLS,no action
13142,PREMIUM CHURCH CANDLE,no action
14800,"LETTER ""N"" BLING KEY RING",purchased
14116,BUBBLEGUM RING ASSORTED,no action
16109,ASS COL SMALL SAND FROG P'WEIGHT,no action
17695,RED RETROSPOT BUTTER DISH,not interested
12524,SET/2 RED SPOTTY TEA TOWELS,no action
18029,SET/6 FRUIT SALAD PAPER CUPS,not interested
14677,FRENCH BLUE METAL DOOR SIGN 9,no action
13945,PINK PATCH PURSE BLUE HEART,purchased
17318,CHOCOLATE THIS WAY METAL SIGN,no action
17343,6 CHOCOLATE LOVE HEART T-LIGHTS,no action
14859,KNICKERBOCKERGLORY MAGNET ASSORTED,no action
14486,REGENCY SUGAR TONGS,not interested
15262,VINTAGE GLASS TEA CADDY,purchased
15902,CHRISTMAS TOILET ROLL,no action
16110,DROP DIAMANTE EARRINGS CRYSTAL,no action
14553,GLASS JAR KINGS CHOICE,not interested
13823,CHOCOLATE HOT WATER BOTTLE,no action
12980,PAPER LANTERN 5 POINT STAR MOON 30,not interested
17524,CARD WEDDING DAY,no action
14622,SILVER LARIAT 40CM,no action
13519,SET/3 FLORAL GARDEN TOOLS IN BAG,no action
17309,ORIGAMI VANILLA INCENSE/CANDLE SET,no action
12891,CINAMMON & ORANGE WREATH,no action
17307,CERAMIC CAKE DESIGN SPOTTED MUG,no action
14854,HANGING  BUTTERFLY T-LIGHT HOLDER,not interested
14802,VINTAGE GOLD TINSEL REEL,no action
17076,BLACK SQUARE TABLE CLOCK,purchased
12582,BLUE CLIMBING HYDRANGA ART FLOWER,no action
13401,TRIPLE PHOTO FRAME CORNICE,no action
14113,PINK RETRO BIG FLOWER BAG,no action
14751,TRADITIONAL MODELLING CLAY,no action
17819,ASSORTED COLOURED CIRCLE MOBILE,not interested
16412,CERAMIC BIRDHOUSE CRESTED TIT LARGE,purchased
16628,DOORKNOB CRACKED GLAZE IVORY,no action
16003,GARLAND WOODEN HAPPY EASTER,not interested
18159,DECORATION WOBBLY CHICKEN,no action
14719,VINTAGE KID DOLLY CARD,no action
16615,SET OF 6 SNACK LOAF BAKING CASES,not interested
18244,VINTAGE CHRISTMAS CAKE FRILL,no action
13599,RED RETROSPOT APRON,no action
13440,LARGE POPCORN HOLDER,no action
14879,SET OF 3 HANGING OWLS OLLIE BEAK,not interested
16164,CHALKBOARD KITCHEN ORGANISER,no action
12894,RED RETRO KITCHEN WALL CLOCK,no action
15589,SET OF 2 TRAYS HOME SWEET HOME,not interested
12481,PACK OF 12 STICKY BUNNIES,no action
16762,"BREAD BIN, DINER STYLE, IVORY",purchased
16989,FELTCRAFT BUTTERFLY HEARTS,purchased
16243,ENGLISH ROSE DESIGN QUILTED THROW,not interested
15578,CHILDS GARDEN TROWEL BLUE,no action
17567,JUMBO STORAGE BAG SKULLS,no action
15708,"FRENCH BLUE METAL DOOR SIGN, No",not interested
13674,WHITE MOROCCAN METAL LANTERN,not interested
15343,MAGAZINE RACK GEBRA ASSORTED,no action
14537,GREEN FERN JOURNAL,no action
16648,WRAP  PINK FLOCK,no action
17824,DOORSTOP RACING CAR DESIGN,purchased
16610,PACK 3 BOXES CHRISTMAS PANETTONE,not interested
13502,T-LIGHT GLASS FLUTED ANTIQUE,purchased
13442,"FANCY FONT BIRTHDAY CARD,",no action
16247,PINK HAPPY BIRTHDAY BUNTING,purchased
12707,SPACEBOY MINI RUCKSACK,no action
14892,DOOR MAT UNION FLAG,no action
15706,METAL RABBIT LADDER EASTER,no action
17416,CHILDS GARDEN FORK PINK,purchased
16073,WRAP SUKI AND FRIENDS,no action
14546,PANTRY CHOPPING BOARD,no action
18026,LARGE TORTILLA DESIGN RED BOWL,no action
14885,SET OF TEA COFFEE SUGAR TINS PANTRY,not interested
16338,FRESHWATER PEARL BRACELET GOLD,no action
13148,HOME SWEET HOME METAL SIGN,not interested
14098,CUTE CATS TAPE,no action
16921,SPOTS DESIGN MUG W PINK INSIDE,not interested
14311,SET OF 10 LANTERNS FAIRY LIGHT STAR,no action
14487,DOORMAT 3 SMILEY CATS,not interested
15413,"KEY FOB , GARAGE DESIGN",no action
12432,IVORY WICKER HEART MEDIUM,not interested
17325,BLUE 3 PIECE MINI DOTS CUTLERY SET,no action
14828,RED RETROSPOT LUGGAGE TAG,no action
13859,JINGLE BELL HEART ANTIQUE GOLD,purchased
14074,WHITE SWEETHEARTS CABINET 4 DRAWERS,no action
17826,SUNFLOWER DECORATIVE PARASOL,not interested
13476,SET/6 TURQUOISE BUTTERFLY T-LIGHTS,no action
17221,FINE WICKER HEART,purchased
14099,ROSE COLOUR PAIR HEART HAIR SLIDES,no action
15626,CRYSTAL DIAMANTE STAR BROOCH,purchased
13166,ENGLISH ROSE PHOTO FRAME,no action
16285,BUTTERFLY HAIR BAND,no action
16176,FELTCRAFT DOLL EMILY,no action
12875,FOLKART STAR CHRISTMAS DECORATIONS,not interested
13415,PACKING CHARGE,no action
14759,FLOWER VINE RAFFIA FOOD COVER,no action
18059,CHERRY DESIGN PAPERLANTERNS,no action
16383,RIBBON REEL MAKING SNOWMEN,not interested
12411,MINI LIGHTS WOODLAND MUSHROOMS,no action
17896,RED RETROSPOT SHOPPING BAG,no action
16650,SPRIG LAVENDER ARTIFICIAL FLOWER,purchased
13886,LOLITA  DESIGN  COTTON TOTE BAG,no action
12692,RIBBON REEL SNOWY VILLAGE,no action
14913,LAVENDER INCENSE IN TIN,no action
17602,DOORSTOP RACING CAR DESIGN,not interested
15071,CAKE STAND WHITE TWO TIER LACE,no action
14983,WHITE BAMBOO RIBS LAMPSHADE,no action
15676,INFLATABLE POLITICAL GLOBE,no action
14027,PINK PARTY SUNGLASSES,no action
16557,INCENSE BAZAAR PEACH,no action
17077,PURPLE GEMSTONE BRACELET,purchased
13303,HANGING CLEAR MINI BOTTLE,no action
15818,NUMBER TILE VINTAGE FONT No,no action
14727,YULETIDE IMAGES S/6 PAPER BOXES,no action
14843,I'M ON HOLIDAY METAL SIGN,purchased
13082,CHRISTMAS MUSICAL ZINC HEART,no action
13477,PACK OF 12 HEARTS DESIGN TISSUES,no action
15910,ZINC  HEART T-LIGHT HOLDER,not interested
18013,BLACK AND WHITE CAT BOWL,no action
17172,CHRISTMAS TABLE CANDLE SILVER SPIKE,no action
17010,DECORATIVE FLORE BATHROOM BOTTLE,purchased
17794,FUNKY GIRLZ ASST MAGNETIC MEMO PAD,no action
15683,RED SPOTTY APRON,no action
13534,CHILDRENS GARDEN GLOVES BLUE,no action
14261,BLUE SPOTTY PASSPORT COVER,no action
15203,SET 12 COLOUR PENCILS LOVE LONDON,no action
17775,CHILDRENS CUTLERY POLKADOT BLUE,no action
17619,POTTING SHED SEED ENVELOPES,purchased
16136,RETRO SPOT CANDLE  MEDIUM,no action
13393,WHITE 3 FRAME BIRDS AND TREE,purchased
17513,ASSORTED COLOUR SILK COIN PURSE,purchased
13686,TOAST ITS - HAPPY BIRTHDAY,no action
17507,EASTER BUNNY HANGING GARLAND,not interested
16624,SET OF 3 PINK FLYING DUCKS,no action
14621,BLUE SCANDINAVIAN PAISLEY WRAP,purchased
16898,WOVEN BUBBLE GUM CUSHION COVER,no action
13810,GLASS HONEYPOT WASP CATCHER,no action
17326,PHOTO FRAME LINEN AND LACE LARGE,no action
17611,TWO DOOR CURIO CABINET,no action
14632,FAIRY CAKE WICKER PICNIC BASKET,no action
14109,WOODLAND LARGE RED FELT HEART,purchased
15168,PINK SWEETHEART BRACELET,no action
17256,PAINTED YELLOW WOODEN DAISY,no action
16276,RETROSPOT HEART HOT WATER BOTTLE,no action
13491,ASSORTED BOTTLE TOP  MAGNETS,no action
15296,BASKET OF TOADSTOOLS,purchased
14987,COLOUR GLASS T-LIGHT HOLDER HANGING,no action
14798,ENGLISH ROSE MUG IN GIFT BOX,no action
12381,AMBER DROP EARRINGS W LONG BEADS,no action
17545,ZINC STAR T-LIGHT HOLDER,no action
15887,LARGE IVORY HEART WALL ORGANISER,no action
14190,TEA COSY VINTAGE UNION JACK,no action
13177,PACK OF 6 SMALL FRUIT STRAWS,not interested
17497,DOG TOY WITH PINK CROCHET SKIRT,purchased
17551,BRIGHT BLUES RIBBONS,not interested
13192,DOORSTOP RUSSIAN DOLL RETROSPOT,no action
14186,SET OF 60 VINTAGE LEAF CAKE CASES,purchased
12643,PINK POLKADOT BOWL,no action
17881,LAVENDER SCENT CAKE CANDLE,purchased
17679,STRAWBERRY   PICNIC BAG,not interested
18117,RED SPOT HEART HOT WATER BOTTLE,no action
16055,KEEP CALM BIRTHDAY WRAP,purchased
13334,PINK GLASS TASSLE BAG CHARM,no action
14884,PINK PAISLEY ROSE GIFT WRAP,no action
15814,S/2 BEACH HUT TREASURE CHESTS,no action
15198,MILK PAN PINK POLKADOT,no action
17562,SPACEBOY ROCKET LOLLY MAKERS,no action
12929,TEA TIME TEAPOT IN GIFT BOX,no action
17127,PINK FLUFFY CHRISTMAS DECORATION,purchased
17378,DRAWER KNOB VINTAGE GLASS STAR,no action
15226,ADVENT CALENDAR GINGHAM SACK,not interested
15267,ASSORTED COLOUR SILK COIN PURSE,no action
14530,BIRDCAGE DECORATION TEALIGHT HOLDER,no action
12935,PINK FLORAL FELTCRAFT SHOULDER BAG,no action
16842,S/4 BLUE DINNER CANDLE SILVER FLOCK,no action
18102,PINK HEART SHAPE EGG FRYING PAN,no action
14989,PINK 3 PIECE MINI DOTS CUTLERY SET,no action
16957,SET OF 2 CERAMIC CHRISTMAS REINDEER,no action
14664,CHARLIE LOLA BLUE HOT WATER BOTTLE,no action
14876,BLUE CAT BISCUIT BARREL PINK HEART,purchased
12773,ENGLISH ROSE HOT WATER BOTTLE,purchased
14165,LILY BROOCH OLIVE COLOUR,no action
16368,12 PENCILS TALL TUBE POSY,no action
15359,PINK SQUARE COMPACT MIRROR,not interested
13612,PINK HEARTS LIGHT CHAIN,no action
16935,GRASS HOPPER WOODEN WALL CLOCK,not interested
15796,WHITE TRAVEL ALARM CLOCK,no action
15831,GIN AND TONIC DIET METAL SIGN,no action
12760,RETRO PLASTIC ELEPHANT TRAY,no action
16334,PURPLE GLASS TASSLE BAG CHARM,no action
12399,PACK OF 60 PINK PAISLEY CAKE CASES,no action
14294,BLUE RETRO KITCHEN WALL CLOCK,no action
16251,FELT EGG COSY LADYBIRD,no action
17609,RETRO SPOTS PUDDING BOWL,no action
12780,FLOWER FAIRY OIL BURNER SET ROSE,no action
12580,GLASS ETCHED T-LIGHT HOLDER LARGE,no action
13274,BLUE CALCULATOR RULER,no action
17098,BOYS ALPHABET IRON ON PATCHES,purchased
12427,CREAM CLIMBING HYDRANGA ART FLOWER,purchased
17519,SILVER SKULL HOT WATER BOTTLE,no action
15618,RED PURSE WITH PINK HEART,no action
16013,WRAP VINTAGE PETALS  DESIGN,not interested
12748,MILK PAN BLUE POLKADOT,no action
12850,MONEY BOX FIRST ADE DESIGN,purchased
15859,SET OF 72 RETRO SPOT PAPER  DOILIES,no action
12536,SMALL SQUARE CUT GLASS CANDLESTICK,purchased
18024,VINTAGE NOTEBOOK RED ROSE,not interested
12770,LUNCH BAG RED RETROSPOT,no action
14076,BLACK SIL'T SQU CANDLE PLATE,no action
16785,ELVIS WALLHANGING / CURTAIN,no action
17367,WOODEN CROQUET GARDEN SET,purchased
16546,SILVER/MOP ORBIT NECKLACE,purchased
15780,POPPY'S PLAYHOUSE KITCHEN,no action
12963,"TUMBLER, BAROQUE",no action
17053,DECORATIVE WICKER HEART LARGE,no action
17081,POLKA DOT RAFFIA FOOD COVER,no action
16093,CAKE PLATE LOVEBIRD PINK,no action
13854,3D STICKERS TRADITIONAL CHRISTMAS,no action
12472,HENRIETTA HEN MUG,not interested
16717,PACK OF 6 SMALL FRUIT STRAWS,no action
17778,RIBBON REEL STRIPES DESIGN,no action
12376,VICTORIAN SEWING BOX LARGE,no action
14708,"CAKE TIN, 3 TIER RED/IVORY",no action
13560,GINGHAM OVEN GLOVE RED HEART,not interested
13840,SUMMER FUN DESIGN SHOWER CAP,not interested
15148,WHITE VINT ART DECO CRYSTAL NECKLAC,no action
16149,PAPER BUNTING RETROSPOT,no action
14508,PAPER CHAIN KIT RETROSPOT,no action
16178,CARD SUKI BIRTHDAY,no action
14715,WALL ART MID CENTURY MODERN,not interested
14954,PINK RIVIERA HANDBAG,not interested
15414,GLASS BONBON JAR. SUPERFINES,no action
14663,EASTER BUNNY GARLAND OF FLOWERS,not interested
14097,BUFFALO BILL WALL ART,not interested
14972,VINTAGE RED ENAMEL TRIM MUG,purchased
13253,CUBIC MUG PINK POLKADOT,no action
17493,CURIOUS  IMAGES NOTEBOOK SET,purchased
12354,I CAN ONLY PLEASE ONE PERSON MUG,no action
16759,SEWING BOX RETROSPOT DESIGN,not interested
16369,BEADED PEARL HEART WHITE LARGE,no action
16275,MILK PAN BLUE POLKADOT,no action
17130,SQUARE CHERRY BLOSSOM CABINET,no action
16981,SET/6 WOODLAND PAPER PLATES,no action
13648,CLASSIC CAFE SUGAR DISPENSER,no action
13335,NATURAL SLATE RECTANGLE CHALKBOARD,no action
17329,DOORMAT VINTAGE LEAVES DESIGN,no action
14961,PACK OF 12 50'S CHRISTMAS TISSUES,no action
16039,GREEN WITH METAL BAG CHARM,no action
14705,UNION JACK GUNS & ROSES  DOORMAT,no action
13756,BISCUIT TIN VINTAGE RED,no action
16049,GUMBALL COAT RACK,no action
17709,POLKADOT CUTLERY 24 PCS IN TRAY,purchased
16606,BLUE CLIMBING HYDRANGA ART FLOWER,not interested
13360,SCENTED CANDLE IN DIGITALIS TIN,not interested
17033,ROSE DU SUD OVEN GLOVE,no action
14623,SET OF 6 3D KIT CARDS FOR KIDS,no action
14158,CHARLOTTE BAG ALPHABET  DESIGN,no action
15525,FRENCH BLUE METAL DOOR SIGN 4,not interested
15030,OLD DOC RUSSEL METAL SIGN,no action
13178,SPACEBOY MINI RUCKSACK,not interested
12756,TRAVEL CARD WALLET VINTAGE TICKET,no action
17512,DRAWER KNOB VINTAGE GLASS STAR,no action
17252,MEDIUM WHITE/PINK ROSE ART FLOWER,not interested
14092,SILVER LATTICE VANILLA CANDLE POT,no action
14067,LARGE CHINESE STYLE SCISSOR,purchased
13219,MIRRORED WALL ART LADIES,no action
15114,WRAP SWEETS LIGHT PINK SMALL BOWL,no action
13995,6 RIBBONS RUSTIC CHARM,not interested
13197,SET/4 COLOURFUL MIXING BOWLS,not interested
15464,BIRDCAGE DECORATION TEALIGHT HOLDER,purchased
15378,RED SPOTTY OVEN GLOVE,not interested
17595,PINK MURANO TWIST BRACELET,no action
16213,LARGE ROUND CUTGLASS CANDLESTICK,no action
17854,FAMILY ALBUM WHITE PICTURE FRAME,no action
13023,BROWN FLOWER LIGHTS,no action
18062,RED RETROSPOT PLATE,no action
15684,DECORATION  PINK CHICK MAGIC GARDEN,no action
17421,FAIRY TALE COTTAGE NIGHTLIGHT,not interested
18119,ASS COL SMALL SAND FROG P'WEIGHT,no action
18262,36 PENCILS TUBE RED SPOTTY,purchased
16483,YULETIDE IMAGES S/6 PAPER BOXES,purchased
16400,BIRD DECORATION RED RETROSPOT,no action
18211,SIX DRAWER OFFICE TIDY,no action
16124,CACTI T-LIGHT CANDLES,no action
14082,FELTCRAFT DOLL MOLLY,no action
17871,GIFT BAG LARGE VINTAGE CHRISTMAS,no action
13374,PURPLE DRAWERKNOB ACRYLIC EDWARDIAN,purchased
13924,BEADED CHANDELIER T-LIGHT HOLDER,no action
12715,FLOWER FAIRY INCENSE LILY,no action
16969,LOUVRE CHALKBOARD,no action
15631,S/2 BEACH HUT TREASURE CHESTS,not interested
12947,LARGE IVORY HEART WALL ORGANISER,purchased
15206,DOG TOY WITH PINK CROCHET SKIRT,purchased
16088,PURPLE PAPER PARASOL,no action
12973,BEADED PEARL HEART WHITE ON STICK,no action
17425,CINAMMON & ORANGE WREATH,no action
12693,S/4 BLACK MINI ROSE CANDLE IN BOWL,no action
15237,PINK CREAM FELT CRAFT TRINKET BOX,no action
12857,VINTAGE BEAD PINK EVENING BAG,not interested
12378,SET/10 IVORY POLKADOT PARTY CANDLES,not interested
15715,SPRIG LAVENDER ARTIFICIAL FLOWER,no action
15340,SET OF 72 GREEN PAPER DOILIES,no action
15090,S/4 PISTACHIO LOVEBIRD COASTERS,no action
15620,EASTER CRAFT 4 CHICKS,purchased
13149,HELLO SAILOR BATHROOM SET,no action
13539,CHARLIE AND LOLA TABLE TINS,no action
16794,MORE BUTTER METAL SIGN,not interested
14805,GLASS BEAD HOOP NECKLACE BLACK,no action
15559,BIRTHDAY PARTY CORDON BARRIER TAPE,not interested
15101,ASSORTED TUTTI FRUTTI KEYRING BALL,no action
17821,EASTER DECORATION NATURAL CHICK,no action
12570,SET/6 RED SPOTTY PAPER CUPS,no action
16641,DAISIES  HONEYCOMB GARLAND,no action
15408,PENCIL CASE LIFE IS BEAUTIFUL,no action
15711,VINTAGE BLUE TINSEL REEL,not interested
15936,EMBROIDERED RIBBON REEL ROSIE,purchased
18264,CHRISTMAS TREE HANGING SILVER,no action
17640,MAGAZINE RACK GEBRA ASSORTED,no action
18285,CONCH SHELL,not interested
13640,LUNCHBAG PINK RETROSPOT,no action
14911,3 GARDENIA MORRIS BOXED CANDLES,no action
16918,WHITE BAROQUE CARRIAGE CLOCK,no action
13917,PINK DOG BOWL,purchased
18131,DECORATIVE ROSE BATHROOM BOTTLE,no action
13604,TV DINNER TRAY VINTAGE PAISLEY,no action
13089,CREAM SLICE FLANNEL CHOCOLATE SPOT,no action
17558,GIN AND TONIC MUG,no action
15552,CHILDS GARDEN TROWEL BLUE,not interested
13661,"LETTER ""L"" BLING KEY RING",no action
12464,BLACK LOVE BIRD T-LIGHT HOLDER,no action
15801,COLOURFUL STANDING GNOME,no action
12738,HEART SHAPED MIRROR,not interested
16500,S/6 PINK EASTER DECS IN BOX,no action
17892,INFLATABLE POLITICAL GLOBE,not interested
15268,TEA TIME TEA SET IN GIFT BOX,no action
13702,WHITE/PINK MINI CRYSTALS NECKLACE,no action
14312,CHILDS GARDEN BRUSH BLUE,purchased
18284,FANCY FONTS BIRTHDAY WRAP,no action
15238,BLUE POLKADOT PASSPORT COVER,no action
12548,CHILDS GARDEN RAKE BLUE,purchased
17803,SPACE OWL,no action
13853,SET OF 3 WOODEN HEART DECORATIONS,purchased
13088,RED RETROSPOT TISSUE BOX,not interested
17728,METAL SIGN HER DINNER IS SERVED,no action
12407,VICTORIAN METAL POSTCARD CHRISTMAS,no action
17214,CERAMIC PLATE LOVE HEART DESIGN,no action
13202,RED RETROSPOT CUP,no action
15890,BAKING MOULD CHOCOLATE CUPCAKES,purchased
14008,JADE DROP EARRINGS W FILIGREE,not interested
15541,GOLD FISHING GNOME,no action
17134,GREEN CHRISTMAS TREE CARD HOLDER,no action
16463,MINI PAINTED GARDEN DECORATION,no action
14037,CHRISTMAS TOILET ROLL,no action
14121,BAG OF SILVER STONES,purchased
14181,WICKER WREATH SMALL,not interested
13882,HEART BEADED TRELLIS DECORATION,no action
17197,SET OF 3 BUTTERFLY COOKIE CUTTERS,no action
12511,LUNCH BAG CARS BLUE,no action
18031,MAGNETS PACK OF 4 SWALLOWS,not interested
13758,HANGING HEART BONHEUR,not interested
17838,6 EGG HOUSE PAINTED WOOD,no action
14417,SCOTTIES CHILDRENS APRON,no action
13391,RED SPOTTY SHOPPING BAG,no action
17462,KNITTED MUG COSY IVORY COLOUR,no action
14054,COLUMBIAN CANDLE ROUND,no action
18277,MIRRORED WALL ART LADIES,no action
14457,TUB 24 HANGING EASTER EGGS SPOTTY,no action
12829,"FRENCH BLUE METAL DOOR SIGN, 5",not interested
13358,CROCHET ROSE PURSE WITH SUEDE BACK,no action
17704,SQUARECUSHION COVER PINK UNION JACK,purchased
13483,FUSCHIA RETRO BAR STOOL,not interested
13929,SNACK TRAY HAPPY FOREST,no action
17150,RETRO SPOT CANDLE  SMALL,no action
17398,FILIGREE HEART DAISY WHITE,not interested
17290,VINTAGE POST OFFICE CABINET,purchased
16713,NUMBER TILE COTTAGE GARDEN 2,not interested
15962,FLOWERS TILE HOOK,no action
12458,CERAMIC STRAWBERRY TRINKET TRAY,no action
13024,SPRIG LAVENDER ARTIFICIAL FLOWER,no action
16354,SET/5 BLUE SPOTTY LID GLASS BOWLS,no action
18215,BLACK ENAMEL FLOWER RING,not interested
15628,6PC WOOD PLATE SET DISPOSABLE,not interested
13839,NUMBER TILE COTTAGE GARDEN 0,purchased
15461,POTTING SHED SOW 'N' GROW SET,not interested
13602,ANTIQUE IVORY WIRE BOWL SMALL,no action
16311,EMPIRE BIRTHDAY CARD,no action
12830,PAPER LANTERN 9 POINT DELUXE STAR,no action
16356,BEADED CRYSTAL HEART BLUE  LARGE,no action
12585,IVORY LOVE BIRD CANDLE,no action
18251,VINTAGE RED MUG,no action
17732,EGG CUP MILKMAID HEIDI,no action
16906,SILVER WASHBAG,no action
15659,DOORMAT RED SPOT,no action
13015,BLUE TV TRAY TABLE,no action
17992,CANDLE HOLDER SILVER MADELINE,no action
12676,TIGRIS EYE CHUNKY CHARM BRACELET,not interested
15906,POPPY'S PLAYHOUSE LIVINGROOM,purchased
16668,MUSHROOM BLUE HOT WATER BOTTLE,purchased
18142,LARGE ROUND CUTGLASS CANDLESTICK,purchased
12484,PAPER LANTERN 5 POINT SEQUIN STAR,not interested
14550,VINTAGE LEAF MAGNETIC NOTEPAD,no action
15012,SET OF 6 T-LIGHTS TOADSTOOLS,purchased
13621,DOTCOM POSTAGE,no action
12912,SPACEBOY WALL ART,no action
14520,RED DRAWER KNOB ACRYLIC EDWARDIAN,no action
14502,SET OF 3 GOLD FLYING DUCKS,no action
17145,HANGING PHOTO CLIP ROPE LADDER,no action
16738,PINK RIVIERA HANDBAG,no action
16534,ENGLISH ROSE SCENTED HANGING FLOWER,purchased
16955,WOODEN BOX ADVENT CALENDAR,no action
14814,CAT W SUNGLASSES BLANK CARD,no action
12986,CHILDRENS CUTLERY CIRCUS PARADE,no action
12612,KITCHEN METAL SIGN,not interested
13843,BEADED CRYSTAL HEART PINK LARGE,not interested
15898,PURPLE ENAMEL FLOWER HAIR TIE,not interested
18163,"FRENCH BLUE METAL DOOR SIGN, 5",no action
15411,3D VINTAGE CHRISTMAS STICKERS,no action
16065,EMPIRE BIRTHDAY CARD,not interested
14826,ROSE 1 WICK MORRIS BOXED CANDLE,no action
15498,BAKING MOULD HEART WHITE CHOCOLATE,no action
17967,PACK OF 12 CIRCUS PARADE TISSUES,not interested
15632,ANTIQUE SILVER TEA GLASS ENGRAVED,no action
15530,ROUND STORAGE TIN VINTAGE LEAF,purchased
12586,"FRENCH BLUE METAL DOOR SIGN, 8",not interested
13002,PACK OF 12 SPACEBOY TISSUES,no action
14419,HARDMAN MUG 3 ASSORTED,no action
14159,SWEETHEART RECIPE BOOK STAND,not interested
13034,SMALL MEDINA STAMPED METAL BOWL,no action
16875,WHITE VINT ART DECO CRYSTAL NECKLAC,no action
15627,RED LOVE HEART SHAPE CUP,no action
16809,BUTTON BOX,not interested
18243,UTILTY CABINET WITH HOOKS,no action
17746,VINTAGE BLUE KITCHEN CABINET,no action
12903,MINT KITCHEN SCALES,no action
13195,STRAWBERRY LUNCHBOX WITH CUTLERY,not interested
17455,DOOR MAT UNION FLAG,no action
15574,SET OF 3 BLACK FLYING DUCKS,no action
15523,VINTAGE RED ENAMEL TRIM JUG,not interested
13115,METAL TUBE CHIME ON BAMBOO,not interested
14754,UBO-LIGHT TRIOBASE BLUE,purchased
13715,RED RETROSPOT BUTTER DISH,no action
18241,SCOTTIES CHILDRENS APRON,no action
18090,HEN HOUSE DECORATION,purchased
16563,BLUE KNITTED EGG COSY,purchased
13108,NUMBER TILE COTTAGE GARDEN 8,no action
16704,BLACK DROP EARRINGS W LONG BEADS,no action
15791,CHRISTMAS RETROSPOT STAR WOOD,not interested
13164,BLUE TILED TRAY,no action
12603,BLUE WHITE SPOTS GARDEN PARASOL,no action
13927,GREEN METAL BOX ARMY SUPPLIES,no action
17498,FOLDING UMBRELLA  PINK/WHITE  SPOT,no action
16377,RED SPOT HEART HOT WATER BOTTLE,no action
17031,S/4 BLACK MINI ROSE CANDLE IN BOWL,no action
14174,SIX DRAWER OFFICE TIDY,purchased
15917,BATHROOM HOOK,no action
17855,NINE DRAWER OFFICE TIDY,no action
17717,SET/3 RED GINGHAM ROSE STORAGE BOX,no action
18261,JUMBO BAG WOODLAND ANIMALS,no action
17735,ZINC HEART LATTICE CHARGER LARGE,no action
15333,ANIMALS AND NATURE WALL ART,purchased
15481,REGENCY MILK JUG PINK,no action
13987,WRAP SWEETS LIGHT PINK SMALL BOWL,no action
13193,VANILLA INCENSE 40 CONES IN TIN,purchased
15688,BATH DUCK WATERING CAN,no action
14126,CAROUSEL DES CHILD'S OVERALL,not interested
14713,FOLKART CROWN TABLE DECORATIONS,no action
15598,REINDEER HEART DECORATION SILVER,not interested
13516,PINK PAISLEY CUSHION COVER,not interested
18011,TEA TIME TABLE CLOTH,no action
13386,SET OF 20 VINTAGE CHRISTMAS NAPKINS,not interested
16934,EIGHT PIECE DINOSAUR SET,no action
14869,SET OF 3 BIRD L.BLUE FEATHER,no action
17885,ASSORTED LAQUERED INCENSE HOLDERS,not interested
15249,WHITE PICNIC BARBECUE BUCKET,not interested
15521,MIRRORED WALL ART PHOTO FRAMES,no action
17088,PAPER BUNTING PAISLEY PARK,not interested
16019,HANGING QUILTED PATCHWORK APPLES,no action
14858,SET OF TEA COFFEE SUGAR TINS PANTRY,not interested
17996,60 TEATIME FAIRY CAKE CASES,no action
16041,ROUND SNACK BOXES SET OF4 WOODLAND,no action
15991,CHILDRENS APRON APPLES DESIGN,purchased
15453,POTTING SHED SOW 'N' GROW SET,no action
12587,PEARLISED IVORY HEART LARGE,not interested
18199,SWISS ROLL TOWEL PINK  SPOTS,no action
17960,LOVEBIRD HANGING DECORATION WHITE,no action
13237,CLEAR LOVE BIRD T-LIGHT HOLDER,no action
17670,BAG 250g SWIRLY MARBLES,no action
12754,NUMBER TILE VINTAGE FONT 0,no action
12960,TURQ+RED BOUDICCA LARGE BRACELET,no action
17772,POLKA DOT PISTACHIO PAIL,no action
16391,SKULLS PARTY BAG + STICKER SET,not interested
17857,HANGING PHOTO CLIP ROPE LADDER,no action
12347,ANTIQUE SILVER TEA GLASS ENGRAVED,no action
15739,SILVER CHARM NECKLACE 70CM,no action
12818,COLOUR GLASS T-LIGHT HOLDER HANGING,not interested
17162,"ACRYLIC JEWEL SNOWFLAKE, PINK",not interested
12736,TEA TIME MUG IN GIFT BOX,purchased
15564,PINK HAWAIIAN PICNIC HAMPER FOR 4,no action
13757,RECYCLED PENCIL WITH RABBIT ERASER,no action
16360,BLUE FELT EASTER EGG BASKET,no action
13813,RING OF ROSES BIRTHDAY CARD,no action
16620,SET OF 3 COLOURED  FLYING DUCKS,no action
15063,MAGIC DRAWING SLATE PURDEY,no action
18025,WHITE/PINK MINI CRYSTALS NECKLACE,no action
12805,COTTON APRON PANTRY DESIGN,no action
14732,SIX DRAWER OFFICE TIDY,not interested
14203,KIDS CUTLERY SPACEBOY,no action
13587,SMALL RETRO SPOT MUG IN BOX  RED,not interested
16113,MAGIC DRAWING SLATE DINOSAUR,purchased
14945,HEART STRING MEMO HOLDER HANGING,no action
15469,BLUE FLOWER T-LIGHT HOLDER,no action
16699,PINK FAIRY CAKE CUSHION COVER,not interested
17208,SET 3 WICKER OVAL BASKETS W LIDS,no action
16173,PINK HAWAIIAN PICNIC HAMPER FOR 2,not interested
14891,CRACKED GLAZE EARRINGS RED,no action
17521,ZINC METAL HEART DECORATION,no action
17541,DOORMAT RED RETROSPOT,no action
16325,BUNDLE OF 3 SCHOOL EXERCISE BOOKS,no action
14506,PARTY CONES CARNIVAL ASSORTED,not interested
14006,RIBBON REEL SNOWY VILLAGE,purchased
12768,Discount,no action
16417,GREEN SPOTTY BOWL,no action
15260,ASSORTED SHAPES PHOTO CLIP SILVER,purchased
16045,CHEST OF DRAWERS GINGHAM HEART,no action
18137,POPPY'S PLAYHOUSE BEDROOM,purchased
17022,PINK RETRO BIG FLOWER BAG,no action
15594,VIP HOLIDAY PURSE,no action
14217,RED/CREAM STRIPE CUSHION COVER,no action
13260,CHILDRENS APRON DOLLY GIRL,not interested
14244,MINT KITCHEN SCALES,no action
15970,RETROSPOT TEA SET CERAMIC 11 PC,no action
15561,NUMBER TILE COTTAGE GARDEN 8,no action
16397,SET/4 BADGES BALLOON GIRL,no action
15611,POLKADOT RAIN HAT,no action
14081,SET OF SALT AND PEPPER TOADSTOOLS,no action
14848,DAIRY MAID STRIPE MUG,purchased
15188,"WALL ART , LOVES' SECRET",not interested
14267,BLUE GINGHAM ROSE CUSHION COVER,no action
15849,POPPY'S PLAYHOUSE BATHROOM,no action
16232,BLUE POLKADOT BEAKER,not interested
16118,"RETRO PILL BOX KEY CHAIN,THE KING",no action
15284,PIG KEYRING WITH LIGHT & SOUND,no action
15120,SET 40 HEART SHAPE PETIT FOUR CASES,no action
13437,CHRYSANTHEMUM POCKET BOOK,no action
12639,"PET MUG, GOLDFISH",purchased
16512,WHITE WICKER STAR,purchased
15068,AIRLINE BAG VINTAGE JET SET WHITE,no action
18235,FROSTED BOX 9 WHITE T-LIGHT CANDLES,purchased
15141,WALL ART THE MAGIC FOREST,not interested
17097,RETRO SPOT CANDLE  MEDIUM,no action
17873,GARDENIA 1 WICK MORRIS BOXED CANDLE,no action
18273,SET 6 MINI SUSHI SET FRIDGE MAGNETS,no action
16140,ZINC HEART LATTICE T-LIGHT HOLDER,no action
16956,RIVIERA NECKLACE,no action
14833,3 HOOK HANGER MAGIC GARDEN,purchased
14381,FRENCH STYLE STORAGE JAR CAFE,no action
14372,ELEPHANT BIRTHDAY CARD,no action
14923,BLACK/BLUE DOTS RUFFLED UMBRELLA,not interested
13911,RED POLKA DOT TISSUE BOX,no action
14103,ASSORTED INCENSE PACK,no action
13396,MIRROR MOSAIC T-LIGHT HOLDER,no action
15624,IVORY SWEETHEART SOAP DISH,no action
15219,VICTORIAN SEWING BOX SMALL,purchased
14620,SMALL HANGING IVORY/RED WOOD BIRD,purchased
12942,PAINT YOUR OWN EGGS IN CRATE,no action
12685,FOUR PICTURE WHITE GLASS FRAME,no action
12836,BEACH HUT DESIGN BLACKBOARD,not interested
12623,CARAVAN SQUARE TISSUE BOX,no action
15273,PLACE SETTING WHITE HEART,no action
14209,RED STRIPE CERAMIC DRAWER KNOB,no action
17384,GREEN ENAMEL FLOWER HAIR TIE,no action
13050,SET/3 CHRISTMAS BRIAR CANDLES,no action
14871,RED 3 PIECE MINI DOTS CUTLERY SET,no action
17658,HEN HOUSE DECORATION,not interested
17282,BAROQUE BUTTERFLY EARRINGS CRYSTAL,not interested
17397,CHRISTMAS CRAFT HEART STOCKING,not interested
13831,"FLOWER GLASS GARLAND NECKL.36""BLUE",purchased
15278,S/4 BLACK LOVEBIRD COASTERS,no action
12393,POSTE FRANCE CUSHION COVER,no action
16127,HOUSE SHAPE PENCIL SHARPENER,not interested
13019,VINTAGE CREAM 3 BASKET CAKE STAND,not interested
